show_id;user_id;is_archived
1;1096;False
2;1049;False
3;1017;False
4;1017;False
5;1097;False
6;1040;False
7;1099;False
8;1091;False
9;1040;False
10;1076;False
11;1042;False
12;1016;False
13;1009;False
14;1064;False
15;1050;False
16;1039;False
17;1037;False
18;1062;False
19;1014;False
20;1088;False
21;1047;False
22;1043;False
23;1012;False
24;1012;False
25;1031;False
26;1024;False
27;1082;False
28;1021;False
29;1031;False
30;1076;False
31;1086;False
32;1025;False
33;1010;False
34;1021;False
35;1065;False
36;1060;False
37;1069;False
38;1100;False
39;1015;False
40;1074;False
41;1015;False
42;1002;False
43;1008;False
44;1072;False
45;1074;False
46;1056;False
47;1025;False
48;1032;False
49;1068;False
50;1009;False
51;1017;False
52;1016;False
53;1007;False
54;1003;False
55;1056;False
56;1078;False
57;1088;False
58;1028;False
59;1010;False
60;1041;False
61;1088;False
62;1091;False
63;1052;False
64;1047;False
65;1062;False
66;1018;False
67;1052;False
68;1072;False
69;1096;False
70;1078;False
71;1017;False
72;1080;False
73;1025;False
74;1054;False
75;1031;False
76;1038;False
77;1026;False
78;1081;False
79;1074;False
80;1004;False
81;1050;False
82;1071;False
83;1030;False
84;1010;False
85;1088;False
86;1004;False
87;1045;False
88;1034;False
89;1023;False
90;1066;False
91;1068;False
92;1083;False
93;1045;False
94;1071;False
95;1028;False
96;1033;False
97;1036;False
98;1077;False
99;1031;False
100;1100;False
101;1072;False
102;1019;False
103;1061;False
104;1088;False
105;1025;False
106;1041;False
107;1066;False
108;1056;False
109;1046;False
110;1069;False
111;1065;False
112;1005;False
113;1011;False
114;1043;False
115;1013;False
116;1035;False
117;1071;False
118;1042;False
119;1016;False
120;1084;False
121;1025;False
122;1016;False
123;1016;False
124;1026;False
125;1096;False
126;1036;False
127;1004;False
128;1046;False
129;1092;False
130;1021;False
131;1068;False
132;1078;False
133;1045;False
134;1007;False
135;1083;False
136;1007;False
137;1020;False
138;1094;False
139;1044;False
140;1089;False
141;1057;False
142;1048;False
143;1016;False
144;1084;False
145;1090;False
146;1026;False
147;1021;False
148;1037;False
149;1074;False
150;1084;False
151;1028;False
152;1085;False
153;1100;False
154;1093;False
155;1024;False
156;1084;False
157;1006;False
158;1043;False
159;1041;False
160;1099;False
161;1099;False
162;1086;False
163;1041;False
164;1045;False
165;1074;False
166;1098;False
167;1038;False
168;1003;False
169;1079;False
170;1027;False
171;1033;False
172;1097;False
173;1081;False
174;1026;False
175;1003;False
176;1044;False
177;1061;False
178;1051;False
179;1100;False
180;1044;False
181;1022;False
182;1019;False
183;1038;False
184;1032;False
185;1049;False
186;1084;False
187;1024;False
188;1031;False
189;1089;False
190;1098;False
191;1082;False
192;1061;False
193;1059;False
194;1088;False
195;1014;False
196;1047;False
197;1023;False
198;1083;False
199;1051;False
200;1090;False
201;1080;False
202;1039;False
203;1043;False
204;1066;False
205;1048;False
206;1059;False
207;1028;False
208;1042;False
209;1020;False
210;1078;False
211;1067;False
212;1079;False
213;1089;False
214;1059;False
215;1084;False
216;1096;False
217;1004;False
218;1068;False
219;1044;False
220;1015;False
221;1027;False
222;1017;False
223;1061;False
224;1083;False
225;1047;False
226;1077;False
227;1002;False
228;1085;False
229;1032;False
230;1021;False
231;1080;False
232;1089;False
233;1011;False
234;1006;False
235;1095;False
236;1045;False
237;1097;False
238;1082;False
239;1098;False
240;1082;False
241;1099;False
242;1020;False
243;1080;False
244;1010;False
245;1100;False
246;1011;False
247;1054;False
248;1021;False
249;1093;False
250;1087;False
251;1035;False
252;1019;False
253;1098;False
254;1015;False
255;1083;False
256;1029;False
257;1015;False
258;1086;False
259;1005;False
260;1089;False
261;1059;False
262;1061;False
263;1004;False
264;1069;False
265;1070;False
266;1002;False
267;1067;False
268;1083;False
269;1022;False
270;1026;False
271;1049;False
272;1024;False
273;1022;False
274;1018;False
275;1084;False
276;1001;False
277;1067;False
278;1099;False
279;1039;False
280;1033;False
281;1030;False
282;1082;False
283;1060;False
284;1096;False
285;1015;False
286;1046;False
287;1036;False
288;1063;False
289;1098;False
290;1048;False
291;1005;False
292;1096;False
293;1002;False
294;1026;False
295;1024;False
296;1003;False
297;1040;False
298;1094;False
299;1036;False
300;1038;False
301;1064;False
302;1012;False
303;1021;False
304;1096;False
305;1082;False
306;1003;False
307;1047;False
308;1042;False
309;1056;False
310;1059;False
311;1098;False
312;1090;False
313;1034;False
314;1018;False
315;1078;False
316;1019;False
317;1092;False
318;1007;False
319;1073;False
320;1025;False
321;1051;False
322;1051;False
323;1049;False
324;1029;False
325;1010;False
326;1090;False
327;1030;False
328;1090;False
329;1001;False
330;1079;False
331;1040;False
332;1055;False
333;1095;False
334;1072;False
335;1086;False
336;1055;False
337;1055;False
338;1040;False
339;1030;False
340;1052;False
341;1092;False
342;1079;False
343;1083;False
344;1038;False
345;1004;False
346;1024;False
347;1021;False
348;1097;False
349;1099;False
350;1078;False
351;1078;False
352;1098;False
353;1061;False
354;1071;False
355;1016;False
356;1052;False
357;1098;False
358;1071;False
359;1048;False
360;1021;False
361;1061;False
362;1033;False
363;1014;False
364;1013;False
365;1005;False
366;1017;False
367;1082;False
368;1007;False
369;1095;False
370;1074;False
371;1008;False
372;1011;False
373;1069;False
374;1080;False
375;1084;False
376;1082;False
377;1081;False
378;1047;False
379;1006;False
380;1046;False
381;1043;False
382;1030;False
383;1014;False
384;1051;False
385;1004;False
386;1055;False
387;1074;False
388;1047;False
389;1094;False
390;1082;False
391;1026;False
392;1078;False
393;1029;False
394;1030;False
395;1047;False
396;1015;False
397;1061;False
398;1007;False
399;1013;False
400;1007;False
401;1056;False
402;1029;False
403;1089;False
404;1093;False
405;1049;False
406;1067;False
407;1012;False
408;1085;False
409;1009;False
410;1091;False
411;1098;False
412;1064;False
413;1027;False
414;1062;False
415;1033;False
416;1080;False
417;1063;False
418;1014;False
419;1072;False
420;1077;False
421;1003;False
422;1072;False
423;1073;False
424;1063;False
425;1022;False
426;1027;False
427;1039;False
428;1021;False
429;1047;False
430;1028;False
431;1047;False
432;1056;False
433;1025;False
434;1055;False
435;1061;False
436;1092;False
437;1014;False
438;1038;False
439;1041;False
440;1023;False
441;1013;False
442;1077;False
443;1036;False
444;1022;False
445;1086;False
446;1041;False
447;1040;False
448;1053;False
449;1081;False
450;1092;False
451;1090;False
452;1081;False
453;1020;False
454;1038;False
455;1066;False
456;1064;False
457;1051;False
458;1087;False
459;1086;False
460;1027;False
461;1019;False
462;1078;False
463;1052;False
464;1089;False
465;1034;False
466;1075;False
467;1077;False
468;1003;False
469;1095;False
470;1041;False
471;1053;False
472;1061;False
473;1079;False
474;1027;False
475;1044;False
476;1007;False
477;1087;False
478;1047;False
479;1003;False
480;1096;False
481;1011;False
482;1021;False
483;1014;False
484;1069;False
485;1009;False
486;1073;False
487;1027;False
488;1031;False
489;1060;False
490;1047;False
491;1092;False
492;1026;False
493;1031;False
494;1075;False
495;1093;False
496;1092;False
497;1016;False
498;1040;False
499;1081;False
500;1079;False
501;1095;False
502;1005;False
503;1031;False
504;1046;False
505;1039;False
506;1018;False
507;1092;False
508;1043;False
509;1084;False
510;1062;False
511;1034;False
512;1067;False
513;1056;False
514;1010;False
515;1046;False
516;1041;False
517;1022;False
518;1075;False
519;1081;False
520;1043;False
521;1051;False
522;1059;False
523;1018;False
524;1042;False
525;1020;False
526;1023;False
527;1061;False
528;1092;False
529;1085;False
530;1051;False
531;1041;False
532;1018;False
533;1049;False
534;1070;False
535;1056;False
536;1064;False
537;1030;False
538;1065;False
539;1086;False
540;1097;False
541;1075;False
542;1019;False
543;1099;False
544;1065;False
545;1007;False
546;1021;False
547;1042;False
548;1076;False
549;1024;False
550;1010;False
551;1033;False
552;1026;False
553;1020;False
554;1055;False
555;1083;False
556;1056;False
557;1097;False
558;1078;False
559;1087;False
560;1043;False
561;1048;False
562;1016;False
563;1003;False
564;1093;False
565;1075;False
566;1096;False
567;1019;False
568;1050;False
569;1028;False
570;1040;False
571;1080;False
572;1043;False
573;1059;False
574;1002;False
575;1032;False
576;1067;False
577;1081;False
578;1056;False
579;1085;False
580;1068;False
581;1018;False
582;1095;False
583;1029;False
584;1072;False
585;1097;False
586;1086;False
587;1055;False
588;1006;False
589;1039;False
590;1078;False
591;1074;False
592;1055;False
593;1028;False
594;1072;False
595;1030;False
596;1004;False
597;1035;False
598;1100;False
599;1096;False
600;1054;False
601;1059;False
602;1055;False
603;1075;False
604;1087;False
605;1079;False
606;1057;False
607;1082;False
608;1038;False
609;1026;False
610;1061;False
611;1001;False
612;1093;False
613;1006;False
614;1002;False
615;1037;False
616;1019;False
617;1027;False
618;1029;False
619;1031;False
620;1061;False
621;1093;False
622;1062;False
623;1066;False
624;1067;False
625;1086;False
626;1016;False
627;1041;False
628;1065;False
629;1041;False
630;1099;False
631;1064;False
632;1014;False
633;1008;False
634;1073;False
635;1010;False
636;1031;False
637;1076;False
638;1084;False
639;1078;False
640;1075;False
641;1067;False
642;1080;False
643;1062;False
644;1046;False
645;1032;False
646;1074;False
647;1039;False
648;1048;False
649;1093;False
650;1025;False
651;1002;False
652;1088;False
653;1076;False
654;1092;False
655;1019;False
656;1081;False
657;1014;False
658;1080;False
659;1048;False
660;1011;False
661;1012;False
662;1073;False
663;1031;False
664;1057;False
665;1026;False
666;1026;False
667;1077;False
668;1017;False
669;1052;False
670;1077;False
671;1008;False
672;1017;False
673;1056;False
674;1073;False
675;1034;False
676;1010;False
677;1084;False
678;1079;False
679;1029;False
680;1039;False
681;1042;False
682;1092;False
683;1099;False
684;1067;False
685;1068;False
686;1085;False
687;1067;False
688;1036;False
689;1004;False
690;1013;False
691;1040;False
692;1042;False
693;1025;False
694;1028;False
695;1019;False
696;1069;False
697;1072;False
698;1080;False
699;1018;False
700;1051;False
701;1026;False
702;1042;False
703;1035;False
704;1067;False
705;1001;False
706;1055;False
707;1068;False
708;1011;False
709;1017;False
710;1064;False
711;1087;False
712;1020;False
713;1014;False
714;1019;False
715;1093;False
716;1037;False
717;1059;False
718;1059;False
719;1097;False
720;1070;False
721;1060;False
722;1027;False
723;1031;False
724;1072;False
725;1068;False
726;1033;False
727;1084;False
728;1030;False
729;1053;False
730;1091;False
731;1025;False
732;1014;False
733;1024;False
734;1093;False
735;1099;False
736;1013;False
737;1041;False
738;1020;False
739;1033;False
740;1084;False
741;1097;False
742;1014;False
743;1080;False
744;1030;False
745;1017;False
746;1039;False
747;1042;False
748;1033;False
749;1043;False
750;1082;False
751;1015;False
752;1092;False
753;1067;False
754;1031;False
755;1035;False
756;1008;False
757;1094;False
758;1031;False
759;1023;False
760;1001;False
761;1045;False
762;1020;False
763;1024;False
764;1020;False
765;1033;False
766;1030;False
767;1044;False
768;1083;False
769;1019;False
770;1019;False
771;1013;False
772;1023;False
773;1089;False
774;1020;False
775;1094;False
776;1052;False
777;1036;False
778;1008;False
779;1086;False
780;1040;False
781;1016;False
782;1005;False
783;1048;False
784;1085;False
785;1008;False
786;1004;False
787;1024;False
788;1092;False
789;1100;False
790;1070;False
791;1053;False
792;1002;False
793;1003;False
794;1077;False
795;1044;False
796;1072;False
797;1009;False
798;1057;False
799;1030;False
800;1086;False
801;1052;False
802;1065;False
803;1046;False
804;1087;False
805;1030;False
806;1002;False
807;1100;False
808;1070;False
809;1063;False
810;1058;False
811;1065;False
812;1048;False
813;1018;False
814;1028;False
815;1049;False
816;1051;False
817;1075;False
818;1040;False
819;1003;False
820;1016;False
821;1097;False
822;1058;False
823;1075;False
824;1082;False
825;1095;False
826;1001;False
827;1023;False
828;1057;False
829;1088;False
830;1054;False
831;1028;False
832;1071;False
833;1081;False
834;1030;False
835;1064;False
836;1013;False
837;1035;False
838;1055;False
839;1007;False
840;1043;False
841;1074;False
842;1009;False
843;1043;False
844;1061;False
845;1086;False
846;1031;False
847;1098;False
848;1010;False
849;1039;False
850;1047;False
851;1052;False
852;1097;False
853;1071;False
854;1048;False
855;1036;False
856;1075;False
857;1017;False
858;1062;False
859;1057;False
860;1062;False
861;1031;False
862;1073;False
863;1060;False
864;1051;False
865;1035;False
866;1005;False
867;1039;False
868;1043;False
869;1023;False
870;1089;False
871;1059;False
872;1092;False
873;1056;False
874;1096;False
875;1049;False
876;1041;False
877;1028;False
878;1032;False
879;1096;False
880;1016;False
881;1032;False
882;1020;False
883;1011;False
884;1061;False
885;1024;False
886;1048;False
887;1013;False
888;1048;False
889;1099;False
890;1067;False
891;1041;False
892;1026;False
893;1038;False
894;1015;False
895;1033;False
896;1088;False
897;1090;False
898;1042;False
899;1039;False
900;1089;False
901;1039;False
902;1076;False
903;1008;False
904;1004;False
905;1064;False
906;1009;False
907;1046;False
908;1067;False
909;1098;False
910;1058;False
911;1067;False
912;1007;False
913;1009;False
914;1047;False
915;1020;False
916;1015;False
917;1047;False
918;1050;False
919;1096;False
920;1100;False
921;1006;False
922;1019;False
923;1055;False
924;1001;False
925;1084;False
926;1054;False
927;1004;False
928;1001;False
929;1096;False
930;1073;False
931;1080;False
932;1015;False
933;1066;False
934;1087;False
935;1045;False
936;1064;False
937;1040;False
938;1033;False
939;1054;False
940;1096;False
941;1044;False
942;1093;False
943;1060;False
944;1078;False
945;1012;False
946;1091;False
947;1084;False
948;1099;False
949;1055;False
950;1035;False
951;1074;False
952;1019;False
953;1083;False
954;1087;False
955;1057;False
956;1054;False
957;1058;False
958;1088;False
959;1069;False
960;1068;False
961;1007;False
962;1018;False
963;1032;False
964;1058;False
965;1016;False
966;1036;False
967;1014;False
968;1038;False
969;1074;False
970;1036;False
971;1051;False
972;1044;False
973;1077;False
974;1074;False
975;1083;False
976;1054;False
977;1076;False
978;1024;False
979;1073;False
980;1074;False
981;1015;False
982;1010;False
983;1060;False
984;1015;False
985;1031;False
986;1034;False
987;1030;False
988;1011;False
989;1085;False
990;1026;False
991;1029;False
992;1022;False
993;1097;False
994;1055;False
995;1084;False
996;1084;False
997;1014;False
998;1052;False
999;1098;False
1000;1059;False
